Dawlance Steam Iron DWSI 2217 C / 1750W / 12g/min Steam,Rs. 5250,(177),Installment available,https://static-01.daraz.pk/p/92838c618abeb36b31ad6f99d898fd29.jpg
Dawlance Microwave Oven DWMO-4215 CR,Rs. 24400,(328),Installment available,https://static-01.daraz.pk/p/182a2f3b1e443064c153fbd7bc7ff076.jpg
Dawlance Hand Blender DWHB 475 W White 500W Motor,Rs. 6000,(538),,https://static-01.daraz.pk/p/5acc3050485d460772d99048a06539a1.jpg
Dawlance Vacuum Cleaner DWVC 6724 ENJ with 4 Litre Capacity,Rs. 21900,(213),Installment available,https://static-01.daraz.pk/p/ec2cff0ca595a4c2b651b53c2c2d881b.jpg
Dawlance Garment Steamer DWGS 2316 with Ceramic Heating Plate,Rs. 9900,(327),Installment available,https://static-01.daraz.pk/p/2ac5334893a98188561f4fe51a675129.jpg
Dawlance Dry Iron DWDI 1020 Black with Smart Ironing Feature,Rs. 6200,(329),,https://static-01.daraz.pk/p/c486cdf759fd8311888f821e11055bee.jpg
Dawlance Steam Iron DWSI 3122 Pro Press / 2200 W / 25 g/min Steam / Black,Rs. 8700,(81),,https://static-01.daraz.pk/p/c19d8975ef7d36d733632c1b5ac0db61.jpg
Dawlance Blender DWTB 590 B 500W Motor with Dry Mill,Rs. 9400,(80),,https://static-01.daraz.pk/p/867e20252eae4fb84bd2609a635f93c7.jpg
Dawlance Steam Iron DWSI 2217 T Purple 1750W 12g/min,Rs. 5000,(230),,https://static-01.daraz.pk/p/e7567ea26ceb35acbf8bd4bb7b6eee55.jpg
Dawlance Air Fryer DWAF 3013 with 3 Litres Capacity,Rs. 21500,(357),Installment available,https://static-01.daraz.pk/p/365b602299886f095de59f84e1138cc0.jpg
Dawlance Citrus Juicer DWCJ 8030 / Citrus Press / 800ml Capacity,Rs. 5600,(61),,https://static-01.daraz.pk/p/20a1cc9c61667955173c3f5d3f81a5ed.jpg
Dawlance Hand Blender DWHB 875 White 400W Motor with Chopper Attachment,Rs. 10800,(171),Installment available,https://static-01.daraz.pk/p/47433d421e368788ca9a4db066c65c55.jpg
Dawlance 8.5 KG Top Load Fully Automatic Washing Machine-DWT 255-C- Brand Warranty Included,Rs. 53700,(761),Installment available,https://static-01.daraz.pk/p/895af6a39ad4b6d286300216aedf5121.jpg
Dawlance Hair Dryer Aurora DWHD 7082 / Hair Styling,Rs. 6900,(28),,https://static-01.daraz.pk/p/efc1b8c6072a1656ddaf3040f62c7576.jpg
Dawlance Hair Straightener Botanika DWHS 7032 / Hair Styling,Rs. 7500,(107),,https://static-01.daraz.pk/p/f8642fd15fdec8e7d373cbdca3926f06.jpg
Dawlance Electric Kettle DWEK 7200 White with 1.7 Litre Capacity,Rs. 6450,(128),,https://static-01.daraz.pk/p/3f9ad36951f5a04c4767c911673a1765.jpg
Dawlance Electric Kettle DWEK 7100 Black with 1 Litre Capacity,Rs. 5600,(254),Installment available,https://static-01.daraz.pk/p/4ccf95924af47cc015026d217b4311ff.jpg
Dawlance Air Conditioner Sprinter 15 DC Inverter 1 Ton/Split AC/Heat and Cool/12000 BTU,Rs. 99900,(15),Installment available,https://static-01.daraz.pk/p/ea1bcb3229c3714568a2c98b98b6fd7b.jpg
Dawlance Men's Trimmer Zeus DWMC 9030,Rs. 9800,(17),,https://static-01.daraz.pk/p/a83ffa08acf9eff79cef4cf0a2d0a679.jpg
Dawlance Hair Dryer DWHD 2509 R / Hair Styling,Rs. 6500,(17),,https://static-01.daraz.pk/p/169d589dfdefe886702b81d62f392703.png
Dawlance Refrigerator 9140 Wide Body / M-Chrome Metallic Silver / 8 CFT / 11.11 Limited Edition / Fridge / Freezer,Rs. 52400,(26),Installment available,https://static-01.daraz.pk/p/1a882ca358aafd642b1ec9e0f0d401d7.jpg
Dawlance Electric Kettle DWEK 7210 Red with 1.7 Litre Capacity,Rs. 6100,(24),,https://static-01.daraz.pk/p/ba866e98edb62e20ad2f0d1ac1dc40e7.jpg
Dawlance Air Conditioner Chrome 30 Full AC DC Inverter 1.5 Ton/Large Indoor Unit/ Heat & Cool / 12 Years Brand Warranty,Rs. 127900,(29),Installment available,https://static-01.daraz.pk/p/11c9f8f3aafbb115ab84ab202e650c94.jpg
Dawlance 12 KG Top Load Fully Automatic Washing Machine-DWT 270ES-with Brand Warranty,Rs. 72100,(176),Installment available,https://static-01.daraz.pk/p/8f7bfb67b3142e46a2fb91dba20f7ff9.jpg
Dawlance Hard Fruit Juicer DWHJ 4002 RB with Overheat Safety Protection,Rs. 14900,(30),Installment available,https://static-01.daraz.pk/p/bcd091b23b5d12778d995f523e89aff7.png
Dawlance 10 KG Top Load Fully Automatic Washing Machine DWT 260 ES- with Brand Warranty,Rs. 59300,(594),Installment available,https://static-01.daraz.pk/p/a73116097f87276701e3f7824bdcb678.png
Dawlance Microwave Oven DW 131 HP/Large Capacity/Grill Cooking /Auto Cook Menu/30 Litres/Micro wave,Rs. 27600,(109),Installment available,https://static-01.daraz.pk/p/3e5f7a3c6ad2f40fe10a57a80035c99f.jpg
Dawlance Blender DWTB 510 W 400W Motor with Dry Mill and Vortex Technology,Rs. 8600,(110),Installment available,https://static-01.daraz.pk/p/52c36bf4784a8eb1c7b162f46202be53.jpg
Dawlance Microwave Oven DW 115 CHZP / Large Capacity / Grill Cooking / Auto Cook Menu / 25 Litres / Micro wave,Rs. 32000,(82),Installment available,https://static-01.daraz.pk/p/384715c84f01fe7b62927dac3fa6f500.jpg
Dawlance Water Dispenser WD 1060 White Without Refrigerator,Rs. 25400,(83),Installment available,https://static-01.daraz.pk/p/1c39e65739399912253f7285a75eb049.jpg
Dawlance Food Processor DWFP 5240 White / 500W Motor / 2 Litre Capacity Bowl,Rs. 13600,(39),Installment available,https://static-01.daraz.pk/p/e71ca46f548c2537a0d0b10e9c55992f.png
Dawlance Electric Oven DWMO 2515 with Recipe Book and 25 Litre Capacity,Rs. 18100,(51),Installment available,https://static-01.daraz.pk/p/50fbf206bc868add76c4410e69c19344.jpg
Dawlance 12 kg Single Tub Spinner Dryer DS 9000 White,Rs. 19500,(51),Installment available,https://static-01.daraz.pk/p/20cef9eae2a0f2c2e1d7e5d7fe9ecd44.jpg
Dawlance Microwave Oven DW 295 / Large Capacity / Grill Cooking / Auto Cook Menu / 20 Litres / Micro wave,Rs. 16900,(10),Installment available,https://static-01.daraz.pk/p/676130bf9255a000d2caf477b9822862.jpg
Dawlance Hair Straightener Botanika DWHS 7033 / Hair Styling,Rs. 7500,(34),,https://static-01.daraz.pk/p/720e4c9dc66e537d08ad901a33b5b740.png
Dawlance Hair Straightener Botanika DWHS 7031 / Hair Styling,Rs. 7500,(27),,https://static-01.daraz.pk/p/3727cf4dc0a68005184753a8217404e3.png
Dawlance Men's Grooming with Accessories Zeus DWMGK 9030,Rs. 12500,(11),Installment available,https://static-01.daraz.pk/p/ad31dd988ce9cd5809444668fd85acea.jpg
Dawlance 12 kg Twin Tub Washing Machine Semi Automatic DW 10500 C White Color,Rs. 38300,(74),Installment available,https://static-01.daraz.pk/p/7a3f10bcb57106d83a28025710cd4ebf.jpg
Dawlance Microwave Oven DW 530 Air Fryer / Large Capacity / Grill Cooking / Auto Cook Menu / 30 Litres / Micro wave,Rs. 37400,(17),Installment available,https://static-01.daraz.pk/p/35c642eed5d5cf52d6dfcf908eb1601e.jpg
Dawlance Steam Iron DWSI 2217 C / 1750W / 12g/min Steam,Rs. 5250,(177),Installment available,https://static-01.daraz.pk/p/92838c618abeb36b31ad6f99d898fd29.jpg
Dawlance Microwave Oven DWMO-4215 CR,Rs. 24400,(328),Installment available,https://static-01.daraz.pk/p/182a2f3b1e443064c153fbd7bc7ff076.jpg
Dawlance Hand Blender DWHB 475 W White 500W Motor,Rs. 6000,(538),,https://static-01.daraz.pk/p/5acc3050485d460772d99048a06539a1.jpg
Dawlance Vacuum Cleaner DWVC 6724 ENJ with 4 Litre Capacity,Rs. 21900,(213),Installment available,https://static-01.daraz.pk/p/ec2cff0ca595a4c2b651b53c2c2d881b.jpg
Dawlance Dry Iron DWDI 1020 Black with Smart Ironing Feature,Rs. 6200,(329),,https://static-01.daraz.pk/p/c486cdf759fd8311888f821e11055bee.jpg
Dawlance Garment Steamer DWGS 2316 with Ceramic Heating Plate,Rs. 9900,(327),Installment available,https://static-01.daraz.pk/p/2ac5334893a98188561f4fe51a675129.jpg
Dawlance Steam Iron DWSI 3122 Pro Press / 2200 W / 25 g/min Steam / Black,Rs. 8700,(81),,https://static-01.daraz.pk/p/c19d8975ef7d36d733632c1b5ac0db61.jpg
Dawlance Blender DWTB 590 B 500W Motor with Dry Mill,Rs. 9400,(80),,https://static-01.daraz.pk/p/867e20252eae4fb84bd2609a635f93c7.jpg
Dawlance Electric Oven DWMO 2515 CR Convection with Recipe Book and 25 Liter Capacity,Rs. 23000,(37),Installment available,https://static-01.daraz.pk/p/7b1e6b1b194663de86c5b87fca054f3c.jpg
Dawlance Air Fryer DWAF 3013 with 3 Litres Capacity,Rs. 21500,(357),Installment available,https://static-01.daraz.pk/p/365b602299886f095de59f84e1138cc0.jpg
Dawlance Steam Iron DWSI 2217 T Purple 1750W 12g/min,Rs. 5000,(230),,https://static-01.daraz.pk/p/e7567ea26ceb35acbf8bd4bb7b6eee55.jpg
Dawlance Citrus Juicer DWCJ 8030 / Citrus Press / 800ml Capacity,Rs. 5600,(61),,https://static-01.daraz.pk/p/20a1cc9c61667955173c3f5d3f81a5ed.jpg
Dawlance Hand Blender DWHB 875 White 400W Motor with Chopper Attachment,Rs. 10800,(171),Installment available,https://static-01.daraz.pk/p/47433d421e368788ca9a4db066c65c55.jpg
Dawlance 8.5 KG Top Load Fully Automatic Washing Machine-DWT 255-C- Brand Warranty Included,Rs. 53700,(761),Installment available,https://static-01.daraz.pk/p/895af6a39ad4b6d286300216aedf5121.jpg
Dawlance Hair Dryer Aurora DWHD 7082 / Hair Styling,Rs. 6900,(28),,https://static-01.daraz.pk/p/efc1b8c6072a1656ddaf3040f62c7576.jpg
Dawlance Hair Straightener Botanika DWHS 7032 / Hair Styling,Rs. 7500,(107),,https://static-01.daraz.pk/p/f8642fd15fdec8e7d373cbdca3926f06.jpg
Dawlance Electric Kettle DWEK 7200 White with 1.7 Litre Capacity,Rs. 6450,(128),,https://static-01.daraz.pk/p/3f9ad36951f5a04c4767c911673a1765.jpg
Dawlance Electric Kettle DWEK 7100 Black with 1 Litre Capacity,Rs. 5600,(254),Installment available,https://static-01.daraz.pk/p/4ccf95924af47cc015026d217b4311ff.jpg
Dawlance Air Conditioner Sprinter 15 DC Inverter 1 Ton/Split AC/Heat and Cool/12000 BTU,Rs. 99900,(15),Installment available,https://static-01.daraz.pk/p/ea1bcb3229c3714568a2c98b98b6fd7b.jpg
Dawlance Hair Dryer DWHD 2509 R / Hair Styling,Rs. 6500,(17),,https://static-01.daraz.pk/p/169d589dfdefe886702b81d62f392703.png
Dawlance Refrigerator 9140 Wide Body / M-Chrome Metallic Silver / 8 CFT / 11.11 Limited Edition / Fridge / Freezer,Rs. 52400,(26),Installment available,https://static-01.daraz.pk/p/1a882ca358aafd642b1ec9e0f0d401d7.jpg
Dawlance Men's Trimmer Zeus DWMC 9030,Rs. 9800,(17),,https://static-01.daraz.pk/p/a83ffa08acf9eff79cef4cf0a2d0a679.jpg
Dawlance Electric Kettle DWEK 7210 Red with 1.7 Litre Capacity,Rs. 6100,(24),,https://static-01.daraz.pk/p/ba866e98edb62e20ad2f0d1ac1dc40e7.jpg
Dawlance Air Conditioner Chrome 30 Full AC DC Inverter 1.5 Ton/Large Indoor Unit/ Heat & Cool / 12 Years Brand Warranty,Rs. 127900,(29),Installment available,https://static-01.daraz.pk/p/11c9f8f3aafbb115ab84ab202e650c94.jpg
Dawlance 12 KG Top Load Fully Automatic Washing Machine-DWT 270ES-with Brand Warranty,Rs. 72100,(176),Installment available,https://static-01.daraz.pk/p/8f7bfb67b3142e46a2fb91dba20f7ff9.jpg
Dawlance Hard Fruit Juicer DWHJ 4002 RB with Overheat Safety Protection,Rs. 14900,(30),Installment available,https://static-01.daraz.pk/p/bcd091b23b5d12778d995f523e89aff7.png
Dawlance Microwave Oven DW 131 HP/Large Capacity/Grill Cooking /Auto Cook Menu/30 Litres/Micro wave,Rs. 27600,(109),Installment available,https://static-01.daraz.pk/p/3e5f7a3c6ad2f40fe10a57a80035c99f.jpg
Dawlance 10 KG Top Load Fully Automatic Washing Machine DWT 260 ES- with Brand Warranty,Rs. 59300,(594),Installment available,https://static-01.daraz.pk/p/a73116097f87276701e3f7824bdcb678.png
Dawlance Electric Oven DWMO 2515 CR Convection with Recipe Book and 25 Liter Capacity,Rs. 23000,(37),Installment available,https://static-01.daraz.pk/p/7b1e6b1b194663de86c5b87fca054f3c.jpg
Dawlance Blender DWTB 510 W 400W Motor with Dry Mill and Vortex Technology,Rs. 8600,(110),Installment available,https://static-01.daraz.pk/p/52c36bf4784a8eb1c7b162f46202be53.jpg
Dawlance Microwave Oven DW 115 CHZP / Large Capacity / Grill Cooking / Auto Cook Menu / 25 Litres / Micro wave,Rs. 32000,(82),Installment available,https://static-01.daraz.pk/p/384715c84f01fe7b62927dac3fa6f500.jpg
Dawlance Water Dispenser WD 1060 White Without Refrigerator,Rs. 25400,(83),Installment available,https://static-01.daraz.pk/p/1c39e65739399912253f7285a75eb049.jpg
Dawlance Food Processor DWFP 5240 White / 500W Motor / 2 Litre Capacity Bowl,Rs. 13600,(39),Installment available,https://static-01.daraz.pk/p/e71ca46f548c2537a0d0b10e9c55992f.png
Dawlance Electric Oven DWMO 2515 with Recipe Book and 25 Litre Capacity,Rs. 18100,(51),Installment available,https://static-01.daraz.pk/p/50fbf206bc868add76c4410e69c19344.jpg
Dawlance Microwave Oven DW 295 / Large Capacity / Grill Cooking / Auto Cook Menu / 20 Litres / Micro wave,Rs. 16900,(10),Installment available,https://static-01.daraz.pk/p/676130bf9255a000d2caf477b9822862.jpg
Dawlance Hair Straightener Botanika DWHS 7031 / Hair Styling,Rs. 7500,(27),,https://static-01.daraz.pk/p/3727cf4dc0a68005184753a8217404e3.png
Dawlance Hair Straightener Botanika DWHS 7033 / Hair Styling,Rs. 7500,(34),,https://static-01.daraz.pk/p/720e4c9dc66e537d08ad901a33b5b740.png
Dawlance Men's Grooming with Accessories Zeus DWMGK 9030,Rs. 12500,(11),Installment available,https://static-01.daraz.pk/p/ad31dd988ce9cd5809444668fd85acea.jpg
Dawlance Microwave Oven DW 530 Air Fryer / Large Capacity / Grill Cooking / Auto Cook Menu / 30 Litres / Micro wave,Rs. 37400,(17),Installment available,https://static-01.daraz.pk/p/35c642eed5d5cf52d6dfcf908eb1601e.jpg
Dawlance 12 kg Twin Tub Washing Machine Semi Automatic DW 10500 C White Color,Rs. 38300,(74),Installment available,https://static-01.daraz.pk/p/7a3f10bcb57106d83a28025710cd4ebf.jpg
Dawlance Steam Iron DWSI 2217 C / 1750W / 12g/min Steam,Rs. 5250,(177),Installment available,https://static-01.daraz.pk/p/92838c618abeb36b31ad6f99d898fd29.jpg
Dawlance Microwave Oven DWMO-4215 CR,Rs. 24400,(328),Installment available,https://static-01.daraz.pk/p/182a2f3b1e443064c153fbd7bc7ff076.jpg
Dawlance 12 kg Single Tub Spinner Dryer DS 9000 White,Rs. 19500,(51),Installment available,https://static-01.daraz.pk/p/20cef9eae2a0f2c2e1d7e5d7fe9ecd44.jpg
Dawlance Hand Blender DWHB 475 W White 500W Motor,Rs. 6000,(538),,https://static-01.daraz.pk/p/5acc3050485d460772d99048a06539a1.jpg
Dawlance Vacuum Cleaner DWVC 6724 ENJ with 4 Litre Capacity,Rs. 21900,(213),Installment available,https://static-01.daraz.pk/p/ec2cff0ca595a4c2b651b53c2c2d881b.jpg
Dawlance Garment Steamer DWGS 2316 with Ceramic Heating Plate,Rs. 9900,(327),Installment available,https://static-01.daraz.pk/p/2ac5334893a98188561f4fe51a675129.jpg
Dawlance Steam Iron DWSI 3122 Pro Press / 2200 W / 25 g/min Steam / Black,Rs. 8700,(81),,https://static-01.daraz.pk/p/c19d8975ef7d36d733632c1b5ac0db61.jpg
Dawlance Blender DWTB 590 B 500W Motor with Dry Mill,Rs. 9400,(80),,https://static-01.daraz.pk/p/867e20252eae4fb84bd2609a635f93c7.jpg
Dawlance Steam Iron DWSI 2217 T Purple 1750W 12g/min,Rs. 5000,(230),,https://static-01.daraz.pk/p/e7567ea26ceb35acbf8bd4bb7b6eee55.jpg
Dawlance Air Fryer DWAF 3013 with 3 Litres Capacity,Rs. 21500,(357),Installment available,https://static-01.daraz.pk/p/365b602299886f095de59f84e1138cc0.jpg
Dawlance Citrus Juicer DWCJ 8030 / Citrus Press / 800ml Capacity,Rs. 5600,(61),,https://static-01.daraz.pk/p/20a1cc9c61667955173c3f5d3f81a5ed.jpg
Dawlance Hand Blender DWHB 875 White 400W Motor with Chopper Attachment,Rs. 10800,(171),Installment available,https://static-01.daraz.pk/p/47433d421e368788ca9a4db066c65c55.jpg
Dawlance Dry Iron DWDI 1020 Black with Smart Ironing Feature,Rs. 6200,(329),,https://static-01.daraz.pk/p/c486cdf759fd8311888f821e11055bee.jpg
Dawlance 8.5 KG Top Load Fully Automatic Washing Machine-DWT 255-C- Brand Warranty Included,Rs. 53700,(761),Installment available,https://static-01.daraz.pk/p/895af6a39ad4b6d286300216aedf5121.jpg
Dawlance Hair Dryer Aurora DWHD 7082 / Hair Styling,Rs. 6900,(28),,https://static-01.daraz.pk/p/efc1b8c6072a1656ddaf3040f62c7576.jpg
Dawlance Hair Straightener Botanika DWHS 7032 / Hair Styling,Rs. 7500,(107),,https://static-01.daraz.pk/p/f8642fd15fdec8e7d373cbdca3926f06.jpg
Dawlance Electric Kettle DWEK 7200 White with 1.7 Litre Capacity,Rs. 6450,(128),,https://static-01.daraz.pk/p/3f9ad36951f5a04c4767c911673a1765.jpg
Dawlance Electric Kettle DWEK 7100 Black with 1 Litre Capacity,Rs. 5600,(254),Installment available,https://static-01.daraz.pk/p/4ccf95924af47cc015026d217b4311ff.jpg
Dawlance Air Conditioner Sprinter 15 DC Inverter 1 Ton/Split AC/Heat and Cool/12000 BTU,Rs. 99900,(15),Installment available,https://static-01.daraz.pk/p/ea1bcb3229c3714568a2c98b98b6fd7b.jpg
Dawlance Hair Dryer DWHD 2509 R / Hair Styling,Rs. 6500,(17),,https://static-01.daraz.pk/p/169d589dfdefe886702b81d62f392703.png
Dawlance Refrigerator 9140 Wide Body / M-Chrome Metallic Silver / 8 CFT / 11.11 Limited Edition / Fridge / Freezer,Rs. 52400,(26),Installment available,https://static-01.daraz.pk/p/1a882ca358aafd642b1ec9e0f0d401d7.jpg
Dawlance Electric Kettle DWEK 7210 Red with 1.7 Litre Capacity,Rs. 6100,(24),,https://static-01.daraz.pk/p/ba866e98edb62e20ad2f0d1ac1dc40e7.jpg
Dawlance Men's Trimmer Zeus DWMC 9030,Rs. 9800,(17),,https://static-01.daraz.pk/p/a83ffa08acf9eff79cef4cf0a2d0a679.jpg
Dawlance Air Conditioner Chrome 30 Full AC DC Inverter 1.5 Ton/Large Indoor Unit/ Heat & Cool / 12 Years Brand Warranty,Rs. 127900,(29),Installment available,https://static-01.daraz.pk/p/11c9f8f3aafbb115ab84ab202e650c94.jpg
Dawlance 12 KG Top Load Fully Automatic Washing Machine-DWT 270ES-with Brand Warranty,Rs. 72100,(176),Installment available,https://static-01.daraz.pk/p/8f7bfb67b3142e46a2fb91dba20f7ff9.jpg
Dawlance Hard Fruit Juicer DWHJ 4002 RB with Overheat Safety Protection,Rs. 14900,(30),Installment available,https://static-01.daraz.pk/p/bcd091b23b5d12778d995f523e89aff7.png
Dawlance Microwave Oven DW 131 HP/Large Capacity/Grill Cooking /Auto Cook Menu/30 Litres/Micro wave,Rs. 27600,(109),Installment available,https://static-01.daraz.pk/p/3e5f7a3c6ad2f40fe10a57a80035c99f.jpg
Dawlance Electric Oven DWMO 2515 CR Convection with Recipe Book and 25 Liter Capacity,Rs. 23000,(37),Installment available,https://static-01.daraz.pk/p/7b1e6b1b194663de86c5b87fca054f3c.jpg
Dawlance Blender DWTB 510 W 400W Motor with Dry Mill and Vortex Technology,Rs. 8600,(110),Installment available,https://static-01.daraz.pk/p/52c36bf4784a8eb1c7b162f46202be53.jpg
Dawlance Microwave Oven DW 115 CHZP / Large Capacity / Grill Cooking / Auto Cook Menu / 25 Litres / Micro wave,Rs. 32000,(82),Installment available,https://static-01.daraz.pk/p/384715c84f01fe7b62927dac3fa6f500.jpg
Dawlance 10 KG Top Load Fully Automatic Washing Machine DWT 260 ES- with Brand Warranty,Rs. 59300,(594),Installment available,https://static-01.daraz.pk/p/a73116097f87276701e3f7824bdcb678.png
Dawlance Water Dispenser WD 1060 White Without Refrigerator,Rs. 25400,(83),Installment available,https://static-01.daraz.pk/p/1c39e65739399912253f7285a75eb049.jpg
Dawlance Food Processor DWFP 5240 White / 500W Motor / 2 Litre Capacity Bowl,Rs. 13600,(39),Installment available,https://static-01.daraz.pk/p/e71ca46f548c2537a0d0b10e9c55992f.png
Dawlance Electric Oven DWMO 2515 with Recipe Book and 25 Litre Capacity,Rs. 18100,(51),Installment available,https://static-01.daraz.pk/p/50fbf206bc868add76c4410e69c19344.jpg
Dawlance Microwave Oven DW 295 / Large Capacity / Grill Cooking / Auto Cook Menu / 20 Litres / Micro wave,Rs. 16900,(10),Installment available,https://static-01.daraz.pk/p/676130bf9255a000d2caf477b9822862.jpg
Dawlance Hair Straightener Botanika DWHS 7031 / Hair Styling,Rs. 7500,(27),,https://static-01.daraz.pk/p/3727cf4dc0a68005184753a8217404e3.png
Dawlance Men's Grooming with Accessories Zeus DWMGK 9030,Rs. 12500,(11),Installment available,https://static-01.daraz.pk/p/ad31dd988ce9cd5809444668fd85acea.jpg
Dawlance Hair Straightener Botanika DWHS 7033 / Hair Styling,Rs. 7500,(34),,https://static-01.daraz.pk/p/720e4c9dc66e537d08ad901a33b5b740.png
Dawlance Microwave Oven DW 530 Air Fryer / Large Capacity / Grill Cooking / Auto Cook Menu / 30 Litres / Micro wave,Rs. 37400,(17),Installment available,https://static-01.daraz.pk/p/35c642eed5d5cf52d6dfcf908eb1601e.jpg
Dawlance 12 kg Twin Tub Washing Machine Semi Automatic DW 10500 C White Color,Rs. 38300,(74),Installment available,https://static-01.daraz.pk/p/7a3f10bcb57106d83a28025710cd4ebf.jpg
Dawlance Steam Iron DWSI 2217 C / 1750W / 12g/min Steam,Rs. 5250,(177),Installment available,https://static-01.daraz.pk/p/92838c618abeb36b31ad6f99d898fd29.jpg
Dawlance Microwave Oven DWMO-4215 CR,Rs. 24400,(328),Installment available,https://static-01.daraz.pk/p/182a2f3b1e443064c153fbd7bc7ff076.jpg
Dawlance Hand Blender DWHB 475 W White 500W Motor,Rs. 6000,(538),,https://static-01.daraz.pk/p/5acc3050485d460772d99048a06539a1.jpg
Dawlance 12 kg Single Tub Spinner Dryer DS 9000 White,Rs. 19500,(51),Installment available,https://static-01.daraz.pk/p/20cef9eae2a0f2c2e1d7e5d7fe9ecd44.jpg
Dawlance Vacuum Cleaner DWVC 6724 ENJ with 4 Litre Capacity,Rs. 21900,(213),Installment available,https://static-01.daraz.pk/p/ec2cff0ca595a4c2b651b53c2c2d881b.jpg
Dawlance Garment Steamer DWGS 2316 with Ceramic Heating Plate,Rs. 9900,(327),Installment available,https://static-01.daraz.pk/p/2ac5334893a98188561f4fe51a675129.jpg
Dawlance Dry Iron DWDI 1020 Black with Smart Ironing Feature,Rs. 6200,(329),,https://static-01.daraz.pk/p/c486cdf759fd8311888f821e11055bee.jpg
Dawlance Steam Iron DWSI 3122 Pro Press / 2200 W / 25 g/min Steam / Black,Rs. 8700,(81),,https://static-01.daraz.pk/p/c19d8975ef7d36d733632c1b5ac0db61.jpg
Dawlance Blender DWTB 590 B 500W Motor with Dry Mill,Rs. 9400,(80),,https://static-01.daraz.pk/p/867e20252eae4fb84bd2609a635f93c7.jpg
Dawlance Steam Iron DWSI 2217 T Purple 1750W 12g/min,Rs. 5000,(230),,https://static-01.daraz.pk/p/e7567ea26ceb35acbf8bd4bb7b6eee55.jpg
Dawlance Air Fryer DWAF 3013 with 3 Litres Capacity,Rs. 21500,(357),Installment available,https://static-01.daraz.pk/p/365b602299886f095de59f84e1138cc0.jpg
Dawlance Citrus Juicer DWCJ 8030 / Citrus Press / 800ml Capacity,Rs. 5600,(61),,https://static-01.daraz.pk/p/20a1cc9c61667955173c3f5d3f81a5ed.jpg
Dawlance Hand Blender DWHB 875 White 400W Motor with Chopper Attachment,Rs. 10800,(171),Installment available,https://static-01.daraz.pk/p/47433d421e368788ca9a4db066c65c55.jpg
Dawlance 8.5 KG Top Load Fully Automatic Washing Machine-DWT 255-C- Brand Warranty Included,Rs. 53700,(761),Installment available,https://static-01.daraz.pk/p/895af6a39ad4b6d286300216aedf5121.jpg
Dawlance Hair Dryer Aurora DWHD 7082 / Hair Styling,Rs. 6900,(28),,https://static-01.daraz.pk/p/efc1b8c6072a1656ddaf3040f62c7576.jpg
Dawlance Hair Straightener Botanika DWHS 7032 / Hair Styling,Rs. 7500,(107),,https://static-01.daraz.pk/p/f8642fd15fdec8e7d373cbdca3926f06.jpg
Dawlance Electric Kettle DWEK 7200 White with 1.7 Litre Capacity,Rs. 6450,(128),,https://static-01.daraz.pk/p/3f9ad36951f5a04c4767c911673a1765.jpg
Dawlance Electric Kettle DWEK 7100 Black with 1 Litre Capacity,Rs. 5600,(254),Installment available,https://static-01.daraz.pk/p/4ccf95924af47cc015026d217b4311ff.jpg
Dawlance Air Conditioner Sprinter 15 DC Inverter 1 Ton/Split AC/Heat and Cool/12000 BTU,Rs. 99900,(15),Installment available,https://static-01.daraz.pk/p/ea1bcb3229c3714568a2c98b98b6fd7b.jpg
Dawlance Hair Dryer DWHD 2509 R / Hair Styling,Rs. 6500,(17),,https://static-01.daraz.pk/p/169d589dfdefe886702b81d62f392703.png
Dawlance Refrigerator 9140 Wide Body / M-Chrome Metallic Silver / 8 CFT / 11.11 Limited Edition / Fridge / Freezer,Rs. 52400,(26),Installment available,https://static-01.daraz.pk/p/1a882ca358aafd642b1ec9e0f0d401d7.jpg
Dawlance Men's Trimmer Zeus DWMC 9030,Rs. 9800,(17),,https://static-01.daraz.pk/p/a83ffa08acf9eff79cef4cf0a2d0a679.jpg
Dawlance Electric Kettle DWEK 7210 Red with 1.7 Litre Capacity,Rs. 6100,(24),,https://static-01.daraz.pk/p/ba866e98edb62e20ad2f0d1ac1dc40e7.jpg
Dawlance Air Conditioner Chrome 30 Full AC DC Inverter 1.5 Ton/Large Indoor Unit/ Heat & Cool / 12 Years Brand Warranty,Rs. 127900,(29),Installment available,https://static-01.daraz.pk/p/11c9f8f3aafbb115ab84ab202e650c94.jpg
Dawlance 12 KG Top Load Fully Automatic Washing Machine-DWT 270ES-with Brand Warranty,Rs. 72100,(176),Installment available,https://static-01.daraz.pk/p/8f7bfb67b3142e46a2fb91dba20f7ff9.jpg
Dawlance Hard Fruit Juicer DWHJ 4002 RB with Overheat Safety Protection,Rs. 14900,(30),Installment available,https://static-01.daraz.pk/p/bcd091b23b5d12778d995f523e89aff7.png
Dawlance Microwave Oven DW 131 HP/Large Capacity/Grill Cooking /Auto Cook Menu/30 Litres/Micro wave,Rs. 27600,(109),Installment available,https://static-01.daraz.pk/p/3e5f7a3c6ad2f40fe10a57a80035c99f.jpg
Dawlance 10 KG Top Load Fully Automatic Washing Machine DWT 260 ES- with Brand Warranty,Rs. 59300,(594),Installment available,https://static-01.daraz.pk/p/a73116097f87276701e3f7824bdcb678.png
Dawlance Electric Oven DWMO 2515 CR Convection with Recipe Book and 25 Liter Capacity,Rs. 23000,(37),Installment available,https://static-01.daraz.pk/p/7b1e6b1b194663de86c5b87fca054f3c.jpg
Dawlance Blender DWTB 510 W 400W Motor with Dry Mill and Vortex Technology,Rs. 8600,(110),Installment available,https://static-01.daraz.pk/p/52c36bf4784a8eb1c7b162f46202be53.jpg
Dawlance Microwave Oven DW 115 CHZP / Large Capacity / Grill Cooking / Auto Cook Menu / 25 Litres / Micro wave,Rs. 32000,(82),Installment available,https://static-01.daraz.pk/p/384715c84f01fe7b62927dac3fa6f500.jpg
Dawlance Water Dispenser WD 1060 White Without Refrigerator,Rs. 25400,(83),Installment available,https://static-01.daraz.pk/p/1c39e65739399912253f7285a75eb049.jpg
Dawlance Food Processor DWFP 5240 White / 500W Motor / 2 Litre Capacity Bowl,Rs. 13600,(39),Installment available,https://static-01.daraz.pk/p/e71ca46f548c2537a0d0b10e9c55992f.png
Dawlance Electric Oven DWMO 2515 with Recipe Book and 25 Litre Capacity,Rs. 18100,(51),Installment available,https://static-01.daraz.pk/p/50fbf206bc868add76c4410e69c19344.jpg
Dawlance 12 kg Single Tub Spinner Dryer DS 9000 White,Rs. 19500,(51),Installment available,https://static-01.daraz.pk/p/20cef9eae2a0f2c2e1d7e5d7fe9ecd44.jpg
Dawlance Microwave Oven DW 295 / Large Capacity / Grill Cooking / Auto Cook Menu / 20 Litres / Micro wave,Rs. 16900,(10),Installment available,https://static-01.daraz.pk/p/676130bf9255a000d2caf477b9822862.jpg
Dawlance Hair Straightener Botanika DWHS 7033 / Hair Styling,Rs. 7500,(34),,https://static-01.daraz.pk/p/720e4c9dc66e537d08ad901a33b5b740.png
Dawlance Hair Straightener Botanika DWHS 7031 / Hair Styling,Rs. 7500,(27),,https://static-01.daraz.pk/p/3727cf4dc0a68005184753a8217404e3.png
Dawlance Men's Grooming with Accessories Zeus DWMGK 9030,Rs. 12500,(11),Installment available,https://static-01.daraz.pk/p/ad31dd988ce9cd5809444668fd85acea.jpg
Dawlance Microwave Oven DW 530 Air Fryer / Large Capacity / Grill Cooking / Auto Cook Menu / 30 Litres / Micro wave,Rs. 37400,(17),Installment available,https://static-01.daraz.pk/p/35c642eed5d5cf52d6dfcf908eb1601e.jpg
Dawlance 12 kg Twin Tub Washing Machine Semi Automatic DW 10500 C White Color,Rs. 38300,(74),Installment available,https://static-01.daraz.pk/p/7a3f10bcb57106d83a28025710cd4ebf.jpg
Dawlance Steam Iron DWSI 2217 C / 1750W / 12g/min Steam,Rs. 5250,(177),Installment available,https://static-01.daraz.pk/p/92838c618abeb36b31ad6f99d898fd29.jpg
Dawlance Microwave Oven DWMO-4215 CR,Rs. 24400,(328),Installment available,https://static-01.daraz.pk/p/182a2f3b1e443064c153fbd7bc7ff076.jpg
Dawlance Hand Blender DWHB 475 W White 500W Motor,Rs. 6000,(538),,https://static-01.daraz.pk/p/5acc3050485d460772d99048a06539a1.jpg
Dawlance Vacuum Cleaner DWVC 6724 ENJ with 4 Litre Capacity,Rs. 21900,(213),Installment available,https://static-01.daraz.pk/p/ec2cff0ca595a4c2b651b53c2c2d881b.jpg
Dawlance Dry Iron DWDI 1020 Black with Smart Ironing Feature,Rs. 6200,(329),,https://static-01.daraz.pk/p/c486cdf759fd8311888f821e11055bee.jpg
Dawlance Steam Iron DWSI 3122 Pro Press / 2200 W / 25 g/min Steam / Black,Rs. 8700,(81),,https://static-01.daraz.pk/p/c19d8975ef7d36d733632c1b5ac0db61.jpg
Dawlance Blender DWTB 590 B 500W Motor with Dry Mill,Rs. 9400,(80),,https://static-01.daraz.pk/p/867e20252eae4fb84bd2609a635f93c7.jpg
Dawlance Steam Iron DWSI 2217 T Purple 1750W 12g/min,Rs. 5000,(230),,https://static-01.daraz.pk/p/e7567ea26ceb35acbf8bd4bb7b6eee55.jpg
Dawlance Garment Steamer DWGS 2316 with Ceramic Heating Plate,Rs. 9900,(327),Installment available,https://static-01.daraz.pk/p/2ac5334893a98188561f4fe51a675129.jpg
Dawlance Citrus Juicer DWCJ 8030 / Citrus Press / 800ml Capacity,Rs. 5600,(61),,https://static-01.daraz.pk/p/20a1cc9c61667955173c3f5d3f81a5ed.jpg
Dawlance Air Fryer DWAF 3013 with 3 Litres Capacity,Rs. 21500,(357),Installment available,https://static-01.daraz.pk/p/365b602299886f095de59f84e1138cc0.jpg
Dawlance 8.5 KG Top Load Fully Automatic Washing Machine-DWT 255-C- Brand Warranty Included,Rs. 53700,(761),Installment available,https://static-01.daraz.pk/p/895af6a39ad4b6d286300216aedf5121.jpg
Dawlance Hand Blender DWHB 875 White 400W Motor with Chopper Attachment,Rs. 10800,(171),Installment available,https://static-01.daraz.pk/p/47433d421e368788ca9a4db066c65c55.jpg
Dawlance Hair Dryer Aurora DWHD 7082 / Hair Styling,Rs. 6900,(28),,https://static-01.daraz.pk/p/efc1b8c6072a1656ddaf3040f62c7576.jpg
Dawlance Hair Straightener Botanika DWHS 7032 / Hair Styling,Rs. 7500,(107),,https://static-01.daraz.pk/p/f8642fd15fdec8e7d373cbdca3926f06.jpg
Dawlance Electric Kettle DWEK 7100 Black with 1 Litre Capacity,Rs. 5600,(254),Installment available,https://static-01.daraz.pk/p/4ccf95924af47cc015026d217b4311ff.jpg
Dawlance Electric Kettle DWEK 7200 White with 1.7 Litre Capacity,Rs. 6450,(128),,https://static-01.daraz.pk/p/3f9ad36951f5a04c4767c911673a1765.jpg
Dawlance Air Conditioner Sprinter 15 DC Inverter 1 Ton/Split AC/Heat and Cool/12000 BTU,Rs. 99900,(15),Installment available,https://static-01.daraz.pk/p/ea1bcb3229c3714568a2c98b98b6fd7b.jpg
Dawlance Hair Dryer DWHD 2509 R / Hair Styling,Rs. 6500,(17),,https://static-01.daraz.pk/p/169d589dfdefe886702b81d62f392703.png
Dawlance Men's Trimmer Zeus DWMC 9030,Rs. 9800,(17),,https://static-01.daraz.pk/p/a83ffa08acf9eff79cef4cf0a2d0a679.jpg
Dawlance Refrigerator 9140 Wide Body / M-Chrome Metallic Silver / 8 CFT / 11.11 Limited Edition / Fridge / Freezer,Rs. 52400,(26),Installment available,https://static-01.daraz.pk/p/1a882ca358aafd642b1ec9e0f0d401d7.jpg
Dawlance Electric Kettle DWEK 7210 Red with 1.7 Litre Capacity,Rs. 6100,(24),,https://static-01.daraz.pk/p/ba866e98edb62e20ad2f0d1ac1dc40e7.jpg
Dawlance Air Conditioner Chrome 30 Full AC DC Inverter 1.5 Ton/Large Indoor Unit/ Heat & Cool / 12 Years Brand Warranty,Rs. 127900,(29),Installment available,https://static-01.daraz.pk/p/11c9f8f3aafbb115ab84ab202e650c94.jpg
Dawlance Hard Fruit Juicer DWHJ 4002 RB with Overheat Safety Protection,Rs. 14900,(30),Installment available,https://static-01.daraz.pk/p/bcd091b23b5d12778d995f523e89aff7.png
Dawlance 12 KG Top Load Fully Automatic Washing Machine-DWT 270ES-with Brand Warranty,Rs. 72100,(176),Installment available,https://static-01.daraz.pk/p/8f7bfb67b3142e46a2fb91dba20f7ff9.jpg
Dawlance Microwave Oven DW 131 HP/Large Capacity/Grill Cooking /Auto Cook Menu/30 Litres/Micro wave,Rs. 27600,(109),Installment available,https://static-01.daraz.pk/p/3e5f7a3c6ad2f40fe10a57a80035c99f.jpg
Dawlance 10 KG Top Load Fully Automatic Washing Machine DWT 260 ES- with Brand Warranty,Rs. 59300,(594),Installment available,https://static-01.daraz.pk/p/a73116097f87276701e3f7824bdcb678.png
Dawlance Blender DWTB 510 W 400W Motor with Dry Mill and Vortex Technology,Rs. 8600,(110),Installment available,https://static-01.daraz.pk/p/52c36bf4784a8eb1c7b162f46202be53.jpg
Dawlance Electric Oven DWMO 2515 CR Convection with Recipe Book and 25 Liter Capacity,Rs. 23000,(37),Installment available,https://static-01.daraz.pk/p/7b1e6b1b194663de86c5b87fca054f3c.jpg
Dawlance Microwave Oven DW 115 CHZP / Large Capacity / Grill Cooking / Auto Cook Menu / 25 Litres / Micro wave,Rs. 32000,(82),Installment available,https://static-01.daraz.pk/p/384715c84f01fe7b62927dac3fa6f500.jpg
Dawlance Water Dispenser WD 1060 White Without Refrigerator,Rs. 25400,(83),Installment available,https://static-01.daraz.pk/p/1c39e65739399912253f7285a75eb049.jpg
Dawlance Food Processor DWFP 5240 White / 500W Motor / 2 Litre Capacity Bowl,Rs. 13600,(39),Installment available,https://static-01.daraz.pk/p/e71ca46f548c2537a0d0b10e9c55992f.png
Dawlance Electric Oven DWMO 2515 with Recipe Book and 25 Litre Capacity,Rs. 18100,(51),Installment available,https://static-01.daraz.pk/p/50fbf206bc868add76c4410e69c19344.jpg
Dawlance 12 kg Single Tub Spinner Dryer DS 9000 White,Rs. 19500,(51),Installment available,https://static-01.daraz.pk/p/20cef9eae2a0f2c2e1d7e5d7fe9ecd44.jpg
Dawlance Microwave Oven DW 295 / Large Capacity / Grill Cooking / Auto Cook Menu / 20 Litres / Micro wave,Rs. 16900,(10),Installment available,https://static-01.daraz.pk/p/676130bf9255a000d2caf477b9822862.jpg
Dawlance Hair Straightener Botanika DWHS 7031 / Hair Styling,Rs. 7500,(27),,https://static-01.daraz.pk/p/3727cf4dc0a68005184753a8217404e3.png
Dawlance Hair Straightener Botanika DWHS 7033 / Hair Styling,Rs. 7500,(34),,https://static-01.daraz.pk/p/720e4c9dc66e537d08ad901a33b5b740.png
Dawlance Men's Grooming with Accessories Zeus DWMGK 9030,Rs. 12500,(11),Installment available,https://static-01.daraz.pk/p/ad31dd988ce9cd5809444668fd85acea.jpg
Dawlance Microwave Oven DW 530 Air Fryer / Large Capacity / Grill Cooking / Auto Cook Menu / 30 Litres / Micro wave,Rs. 37400,(17),Installment available,https://static-01.daraz.pk/p/35c642eed5d5cf52d6dfcf908eb1601e.jpg
Dawlance 12 kg Twin Tub Washing Machine Semi Automatic DW 10500 C White Color,Rs. 38300,(74),Installment available,https://static-01.daraz.pk/p/7a3f10bcb57106d83a28025710cd4ebf.jpg
